Event,EC,adjCases,roughIFR,spreadWest,CWest,CRatchet,cDeadlyDis,cHiSpread
2007 Uganda Ebola outbreak,0,1.7,0.3137254902,1,0,0.15,1,0
Mweka Ebola epidemic,0,21.7,0.4746543779,1,0,0.15,1,3.9606980760971926e-4
"2007 Puerto Rico, Dominican Republic, and Mexico dengue fever epidemic",0,2369.759398,2.903121411e-4,4,0.75,0.4,0,1
2007 Iraq cholera outbreak,0,1000,3.666666667e-4,1,0,0.15,0,1
2008 Brazil dengue epidemic,0,1339.666667,3.981089823e-4,3,0.35,0.15,0,1
2009 Bolivian dengue fever epidemic,0,35.83783784,0.005279034691,2,0.1,0.15,0.004029761200542705,0.0063389570640841305
2011 dengue outbreak in Pakistan,0,46.17037037,0.01002727419,2,0.1,0.15,0.09250316932608571,0.02057579226280052
"2011 Vietnam hand, foot, and mouth disease epidemic",0,174.8893443,0.002296534108,1,0,0.15,0,0.6310955394925379
"2012 yellow fever outbreak in Darfur, Sudan",0,0.6023391813,0.4077669903,1,0,0.4,1,0
2013 dengue outbreak in Singapore,0,625,0,3,0.35,0.15,0,0.9766530228454896
2014 Vietnam measles outbreak,0,24.64788732,0.02857142857,1,0,0.4,0.5784904122809587,8.696283470988404e-4
2015 Indian swine flu outbreak,0,183.3333333,0.06363636364,3,0.35,0.15,0.7402561256930746,0.6441408597928087
YELLOW,1,26.36134454,0.1099776857,2,0.1,0.4,0.8789878142985488,0.0012808187804384482
2017 India Encephalitis,0,13.03835616,0.125026266,3,0.35,0.15,0.9093395221049896,0
2017 dengue outbreak in Sri Lanka,0,441.4064171,0.003028724422,2,0.1,0.4,0,0.905820361496425
2017 dengue outbreak in Peshawar,0,1176.133333,7.179835997e-4,1,0,0.15,0,1
2018 Nipah virus outbreak in Kerala,0,1.8,0.9444444444,1,0,0.15,1,0
EQ_EBOLA18,1,4.5,0.5555555556,2,0.1,0,1,0
2019 Samoa measles outbreak,0,10.46666667,0.009554140127,2,0.1,0.4,0.07478524131275913,0
2019 measles outbreak in the Philippines,0,239.6226415,0.01598425197,3,0.35,0.4,0.5060176076680525,0.7228446034755582
2020 Nigeria yellow fever epidemic,0,20.38461538,0.3245283019,1,0,0.15,1,2.609081691597785e-4
2020 dengue outbreak in Singapore,0,54.61538462,0,2,0.1,0.15,0,0.0428861900521979
2023 South Poland Legionellosis outbreak,0,6.64,0.1385542169,5,1,0.15,0.9315920674898319,0
2024 Kwango province malaria outbreak,0,29.7,0.05387205387,1,0,0.15,0.7007210020642802,0.0024533132977714056
2024 American dengue epidemic,0,42600.16667,2.903520945e-4,5,1,0.4,0,1
2008 Cambodia dengue epidemic,0,105.5643836,0.01030339207,5,1,0.15,0.10412683755006004,0.5107362755690216
2007 Netherlands Q-fever epidemic,0,0.3,0,5,1,0.15,0,0
2008 Zimbabwean cholera outbreak,0,153.4416667,0.06012056699,1,0,0.15,0.7264803436908924,0.5964286446643633
"2008–2017 China hand, foot, and mouth disease epidemic",0,15.7,0.01061571125,2,0.1,0.15,0.11849151309055427,0
H1N1,1,140,0.06357142857,5,1,1,0.7400062861694239,0.5735522762183823
2009–2010 West African meningitis outbreak,0,336.0540541,0.06084124176,3,0.35,0.15,0.7293456518017443,0.827580749360697
2010–2014 Democratic Republic of the Congo measles outbreak,0,290.83125,0.01570928159,1,0,0.4,0.5043417060469698,0.7828575238912527
2010s Haiti cholera outbreak,0,590.25,0.06416772554,2,0.1,0,0.7422941171487771,0.9681626003463786
MERS,1,0.1810154525,0.5487804878,3,0.35,1,1,0
POLIO,1,35.84848485,0.005,3,0.35,0.4,0.00295183897546929,0.006348104113738129
2013–2014 chikungunya outbreak,0,1.639344262,0,5,1,0.15,0,0
2013–19 avian influenza epidemic,0,0.2191558442,0.3259259259,4,0.75,1,1,0
EBOLA2014,1,12.02027027,0.5401911186,3,0.35,1,1,0
2014 Odisha hepatitis outbreak,0,7.735,0.009049773756,1,0,0.15,0.05871937172088658,0
21st century Madagascar plague outbreaks,0,1.586666667,0.3361344538,2,0.1,0.4,1,0
ZIKA,1,451.1755725,0.003519220357,4,0.75,1,2.7279786703046026e-4,0.9114602610965921
2016–2022 Yemen cholera outbreak,0,139.0136986,0.009065825778,1,0,1,0.05918866004118269,0.5718380523062137
2017 Nigeria Lassa fever epidemic,0,2.783333333,0.2075848303,1,0,0.15,0.9902923430011721,0
KIVU_EBOLA18,1,2.857142857,0.6454545455,2,0.1,0.4,1,0
COVID19,1,24.2173913,0.03052064632,5,1,1,0.5889901461938575,7.834132797881561e-4
2019–2020 New Zealand measles outbreak,0,10.75490196,9.115770283e-4,5,1,0.15,0,0
2019–2020 measles outbreak in the Democratic Republic of the Congo,0,709.7953668,0.01994701828,1,0,0.4,0.5297230448532726,0.9904811076017804
2019–2020 dengue fever epidemic,0,1898.355,0.002215075684,4,0.75,0.4,0,1
MPOX2022,1,94.80555556,2.92997363e-4,5,1,1,0,0.40607502875819934
2022 Uganda Ebola outbreak,0,3.885714286,0.3897058824,1,0,0.15,1,0
2022–2024 Southern Africa cholera outbreak,0,310.2825,0.02368809069,1,0,0.15,0.5513459342614125,0.8029980250295625
2023–2024 Bangsamoro measles outbreak,0,8.109589041,0.005067567568,3,0.35,0.15,0.0031911539231111014,0
2023–2024 Oropouche virus disease outbreak,0,38.0952381,2.5e-4,4,0.75,0.4,0,0.008498371866034015
MPOX2024,1,75.22123894,0.02941176471,2,0.1,0.4,0.5830402051586254,0.16198801240904223
2024–2025 Sudanese cholera epidemic,0,293.3333333,0.02727272727,1,0,0.4,0.5713893206726255,0.7855271400238785
EBOLA2026,1,14.47058824,0.53658536590000006,1,0,1,1,0
2026 Bangladesh measles outbreak,0,638.7,0.008663430927,4,0.75,0.4,0.04820709062753567,0.9795044731412081
2019-2020 dengue fever,0,9756.451923,3.562731171e-4,4,0.75,0.4,0,1
